,user_id,tweet_id,time,location,polarity,subjectivity,text, hashtags
0,1710743832,781975565985320960,2016-09-30 17:54,somewhere out of this world,0.0,0.0,     BRITAIN AND AMERICA HAVE BECOME BULLIES OF THE WORLD THEY TRYING TO FIGHT RUSSIA SYRIA,#WeAreThe48 #NotMyVote #Brexit #Bremain
1,3056392245,781900074594869248,2016-09-30 12:54,Ubique et Nusquam,0.0,0.0,    ... after which they no doubt claimed limousine expenses on their trips to   …,#Brexit #Article50 #VoteRemain
2,781650411149111297,781864453545402368,2016-09-30 10:33,,0.03434065934065934,0.2548076923076923,I don´t think that it is the right way for the UK to cut itself loose from the European single market.     …,#Brexit #strongerin
3,28140283,781822850139361280,2016-09-30 07:47,"Preston, United Kingdom",0.5,0.6,cat got your tongue love?      …,#brexit #lunacy #bremain
4,100999361,781822046456143872,2016-09-30 07:44,London,0.24375,0.4395833333333333,I couldn't agree more: MPs should reject  due to lack of clear plans says top lawyer  independent.co.  …  ,#Brexit #EU #Bremain
5,2984596167,781779378254512128,2016-09-30 04:55,,0.0,0.0,Cheated by EU  skankworks.  ,#brexit #bremain
6,4729883418,781771438856347648,2016-09-30 04:23,"Berkeley, CA",-0.1,0.1,Bots   and  : Computational Propaganda during the UK-EU Referendum  v1.pdf …,#StrongerIn #Brexit
7,1445924880,781764015047475200,2016-09-30 03:54,"London, England",0.0,0.0,EU popularity is rising in the Netherlands after  vote  ,#brexit #bremain
8,325167322,781744592282611712,2016-09-30 02:36,manyvoicesblog.wordpress.com,0.0,0.0,    trust needs to be rebuilt perception is often subjective   Cc ,#Brexit #Bremain
9,17800138,781738587041763328,2016-09-30 02:12,Dorset,-0.04583333333333334,0.37083333333333335,Hard to see us getting much change from these four men who will negotiate  for EU   ill-shape-the-way-the-eu-negotiates-brexit-65576?utm_medium=email&utm_campaign=Latest%20from%20The%20Conversation%20for%20September%2029%202016%20-%205703&utm_content=Latest%20from%20The%20Conversation%20for%20September%2029%202016%20-%205703+CID_01f6cf9efbe8eefc66f4fbf6e58a4477&utm_source=campaign_monitor_uk&utm_term=four%20men …,#Brexit #strongerin
10,253615321,781728840301350914,2016-09-30 01:34,Brussels @EU_Commission ,0.0,0.0,Make no mistake Britain is not a world-beating economy  ft. 9c-84c7-11e6-8897-2359a58ac7a5 … via      ,#EUref #Brexit #remain #UKinEU #2ndref
11,1710743832,781666902405939200,2016-09-29 21:28,somewhere out of this world,-0.15454545454545454,0.4848484848484849,      SO THE GLOBAL ELITES WANT BRITAIN OUT OF EUROPE SO THEY CAN START A NEW COLD WAR,#WeAreThe48 #NotMyVote #Brexit #Bremain #COexit
12,337862963,781613904535445508,2016-09-29 17:57,"UK/Cologne, Germany",0.21428571428571427,0.42857142857142855,Large % of  voters supported   despite party advocating  . Working class support going to  .    …,#VoteLeave #Brexit #StrongerIn #bbcqt
13,748826399029522433,781560993784721409,2016-09-29 14:27,United Kingdom,0.0,0.0,Mentions of  outweighed  &  combined in the lead up to the  vote  pic.twitter.,#voteleave #strongerin #remain #Brexit #socialdatauk
14,21910500,781485885594464257,2016-09-29 09:28,,0.06666666666666668,0.4666666666666666,So far almost every claim of  by  about  has turned out to be completely the opposite ,#projectfear #VoteRemain #Brexit
15,56750019,781429901178142720,2016-09-29 05:46,Citizen of the World,0.0,0.0,Seconded      …,#Brexit #strongerin #EU
16,253615321,781410465851305985,2016-09-29 04:29,Brussels @EU_Commission ,0.0,0.0,French aim to poach City’s fintech finest in the aftermath of   thetimes.co.  …    ,#Brexit #EUref #UKinEU #remain #2ndref
17,253615321,781385586808528897,2016-09-29 02:50,Brussels @EU_Commission ,0.15,0.1,Sarkozy vows to offer UK exit from Brexit if he wins French poll  ft. 0a-84d4-11e6-8897-2359a58ac7a5 … via      ,#Brexit #EUref #UKinEU #remain #2ndref
18,572443036,781379251350147072,2016-09-29 02:25,"Bristol, South West, UK",0.6000000000000001,0.9,'aMAzingly the economy is continuing as if we are still a member of the EU' Amazing isn't it?   pic.twitter.,#Brexit #StrongerIn
19,223301740,781376001561464832,2016-09-29 02:12,Airstrip One,-0.07142857142857142,0.21428571428571427, or bust?   firms 'want to be in  single market'  bbc.co. 37496273 …     ,#Bremain #UK #car #EU #economics #business #Brexit #SMMT #manufacturing
20,35054369,781283067554041856,2016-09-28 20:02,"Oldham, England",0.0,0.0,Three months on from  how would you vote now?     ,#Brexit #Conservatives #Labour #UKIP #VoteRemain #Voteleave
21,740546179470086144,781236596012158976,2016-09-28 16:58,,-0.6999999999999998,0.6666666666666666,May I again remind MPs that they have a duty to act in the national interest. If  is bad for the UK they must say so and    …,#Brexit #Bremain
22,773254611754946561,781152929063526400,2016-09-28 11:25,"England, United Kingdom",0.0,0.0,Indeed.        pic.twitter.,#Brexit #article50 #StrongerIn #Remain #BrexitBritain #Lab16 #LeaveEU
23,253615321,781125828600074240,2016-09-28 09:38,Brussels @EU_Commission ,0.016666666666666673,0.3611111111111111,Speculations on  economic effects are pointless. For forecasts clear proposals for Brexit are needed   ,#Brexit #EUref #UKinEU #remain
24,253615321,781108610256474112,2016-09-28 08:29,Brussels @EU_Commission ,0.25,0.3333333333333333,Commissioner Julian King on first mission to Europol  via    ,#Brexit #EUref #UkinEU
25,61738995,781054986855874560,2016-09-28 04:56,"C, Erlang, R, Python, Elm",0.06666666666666668,0.6,They don't tell you this but not only is it plastic: it is also smaller than a real fiver.   ,#brexit #strongerin #notinmyname
26,253615321,781051922639912960,2016-09-28 04:44,Brussels @EU_Commission ,0.25,0.25, was caused by David Cameron running a ‘s**t campaign’ according to a top German official  thesun.co. rexit-was-caused-by-david-cameron-running-a-s-campaign-according-to-a-top-german-official…  ,#Brexit #EUref #UKinEU
27,1123623794,780971260222111744,2016-09-27 23:23,Brisbane,0.0,0.0,Just like  they R goosing  Odds as they did with  They R in 4 a shock come Nov 8   oddschecker.  …,#Brexit #Clinton #Bremain #auspol
28,352627276,780905330146500608,2016-09-27 19:01,,0.8,0.9,Welcome to the Euro family by Sketchaganda     ,#VoteLeave #StrongerIn #Brexit #EUReferendum
29,258841141,780813815990587392,2016-09-27 12:58,England but wish I wasn't.,-0.0638888888888889,0.4305555555555555,Hard soft medium-rare  ? I think we're defending too deep. Should be working for   not sleepwalking onwards. ,#Brexit #noBrexit #Bremain
30,169548229,780726510407811072,2016-09-27 07:11,"Holloway, Islington - London",0.020833333333333343,0.875,This is ridiculous (but the world is pretty ridiculous) and aimed mostly at   voters: keep Brexit OR in EU with Trump as PM?,#Brexit #VoteIn
31,523737102,780489230610866177,2016-09-26 15:28,United Rossinite Commonwealth,0.0,0.0,Bremainers will  but  shall prevail!    …,#Bremain #Brexit #Article50
32,297558788,780435992566202373,2016-09-26 11:56,"Southampton, United Kingdom",0.0,0.0, Lies? Remainers Need To Look In The Mirror - The Huffington Post - UK      v9seRcpjA …,#Leave #EuRef #Brexit #VoteLeave #StrongerIn
33,26324044,780391094165049344,2016-09-26 08:58,Mars,0.0,0.0,  still butthurt  ppl now trying to blame Theresa May for   l?r=3&lan=en_US&pid=14&id=oa36754bbTq_us&detail=1&ch=200014&app_lan=&mcc=310&declared_lan=en_US&referrer=200620&showall=1&mcc=310 …,#TWIS #VoteRemain #Brexit
34,582867073,780387254103580672,2016-09-26 08:43,South Africa,0.0,0.0,British discover what makes democracy work are institutions not majorities. LIES AND TRUTH ABOUT    uth-about-brexit_12.html …,#BREXIT #Bremain
35,716378272725078016,780379441914638336,2016-09-26 08:12,,0.0,0.06666666666666668,Eurozone faces a time bomb of growing public debt  dailysquib.co. -the-eurozone-risks-intensifying-its-demise-why-britain-must-leave.html …       ,#BREXIT #VOTELEAVE #REMAIN #STRONGERIN #BRITAINOUT #EU #DEBT
36,716378272725078016,780346760455655424,2016-09-26 06:02,,0.0,0.0,UK cannot control who enters country because of EU law  dailysquib.co. te-leave-facts-yvette-cooper-caught-lying-on-the-eu-and-security.html …      ,#EUREF #EUREFERENDUM #VOTELEAVE #REMAIN #STRONGERIN #BREXIT
37,582867073,780318380582723584,2016-09-26 04:09,South Africa,0.0,0.0,The hypocrisy and nonsense of the  referendum  paulwhelanwriting.blogspot.com  ,#Brexit #BrexitLies #Bremain
38,1314336074,780225390338007040,2016-09-25 22:00,Your ad here,-0.25,0.2333333333333333,Raining on the Parade  skankworks. heir-parade…  ,#brexit #bremain
39,716378272725078016,780195641649659905,2016-09-25 20:01,,-0.25,0.8,  the Shit!  dailysquib.co. -referendum-im-in-the.html …        pic.twitter.,#Remain #IN #Brexit #VoteLeave #Remain #StrongerIN #GO #LeaveEU #EUref
40,746364088247324673,780163375942762496,2016-09-25 17:53,"London, England",-0.14166666666666666,0.7333333333333334, 's gone mad. 'My ballot paper only had stay or remain on it.' Really? So that's where  % came from.     …,#VoteRemain #the48 #Brexit #VoteLeave
41,489521301,780146844051599364,2016-09-25 16:47,Spain,0.0,0.0,Petition: Ask the Government not to invoke article 50 of the Lisbon treaty.  67 …   ,#remain #strongerin #brexit
42,4878506848,780126801003773952,2016-09-25 15:28,,0.0,0.0,SEATTLE MALL MURDERER IS TURKISH MUSLIM  e-mall-massacre-monster-turns-out-to-be-turkish-muslim-video… via  News Agency  ?   ,#StrongerIn #StopIslam #Destroydaesh #Brexit
43,4878506848,780124230230896640,2016-09-25 15:18,,0.4,0.8,TURKISH MIGRANT GANG ATTACK LOCALS!  kish-migrant-gang-attacks-locals-during-reign-of-terror-across-entire-dutch-city … via  Free Press  ?   ? ,#StrongerIn #StopIslam #Rapeugees #Brexit
44,110884414,780119384266248192,2016-09-25 14:58,"New York, USA",0.0,0.0,The Financial Argument for  (    ) ,#Brexit #VoteLeave #VoteRemain #StrongerIn
45,2240254399,780093100370890752,2016-09-25 13:14,The Revolution,0.0,0.0,Cameron stop blaming Theresa May over   says mass murderer  Iain Duncan Smith -  bbc.co. cs-37467502 …  ,#Brexit #IDS #Bremain #FuckBrexit
46,4744484008,780083769160110080,2016-09-25 12:37,,0.2125,0.5875,"Reminds us of Laurel & Hardy's ""Well here's another nice mess you've gotten me into...""     pic.twitter.",#Brexit #Bremain
47,19416959,780058024123785216,2016-09-25 10:55,Hungary / Ireland,0.2,0.6499999999999999, or  data can always (be used) to show a different light ,#bremain #brexit
48,716378272725078016,780045014361640960,2016-09-25 10:03,,0.0625,0.5,Frontex Report Shows Major Flaws in EU Security        ,#VoteLeave #go #euref #EUreferendum #Brexit #Remain #StrongerIn
49,723762751596822528,780030419672698880,2016-09-25 09:05,,-0.125,1.0, Says the hypocrite who helped enable  by his extremely lacklustre lukewam support of  .,#Brexit #Bremain
50,719829462334992384,780024555121377280,2016-09-25 08:42,,0.0,0.1,“Boris Johnson has said the NHS will get substantial extra funding after Brexit”      ,#brexit #euref #europe #bremain #uk
51,473274050,780024077838876672,2016-09-25 08:40,fleet Hampshire. Uk,0.0,0.0,They so should have uses this    &satchi     …  instagram.,#brexit #eu #satchi #strongerin #funny #politics #laughter
52,183252840,780004610048221184,2016-09-25 07:22,United Kingdom,0.2,0.2,.  When too much scheming and double-dealing does not work out.      ,#Brexit #Bregret #Bremain #Europe
53,2488415784,779918217112276993,2016-09-25 01:39,United Kingdom,-0.1,0.1, thought  would be crushed  via   ,#BorisJohnson #Brexit #UKinEU #EUissues
54,78140040,779813554874642433,2016-09-24 18:43,"At home, drawing pictures",0.0,0.0,Up from £2 to £2.50         pic.twitter.,#Brexit #VoteRemain #VoteTrump #MakeBritainGreatAgain #ToryBritain #HyperInflation #thinkimaybetipsy #BringBackCameron
55,411630138,779770877965692932,2016-09-24 15:53,"Helsinki, Suomi",0.5,0.5,More  job relocation news in line with what  side warned could happen.    telegraph.co.  … via ,#Brexit #Bremain #UK #London
56,831711662,779689753620938752,2016-09-24 10:31,,0.13636363636363635,0.4545454545454545,New trade deal in the offing in Felton??            …,#UK #EUreferendum #Bremain #Brexit #EUpolitics #LiamFox #BorisJohnson
57,769307515872014337,779682720440090624,2016-09-24 10:03,United Kingdom,0.3,0.8,Do not fucking apologise for wanting democracy.  dailysquib.co. itons-shouldnt-have-to-apologise-for-wanting-democracy.html …        ,#EUREF #REMAIN #STRONGERIN #VOTELEAVE #BREXIT #JUNE23 #GO #LEAVEEU
58,23763998,779678786275176448,2016-09-24 09:48,Groningen,0.0,0.0,Argh!     …,#Brexit #bremain
59,4878506848,779653211724648448,2016-09-24 08:06,,0.0,0.0,Liberal Couple Opened Home To  THEN...  l-couple-opened-up-their-home-to-over-100-refugeesit-backfired-horribly… via  News  ?  ?  ,#Refugees #StrongerIn #Rapeugees #Brexit #VoteLeave
60,716378272725078016,779651884625911808,2016-09-24 08:01,,0.1,0.1,What Churchill Really Thought of the European Union  dailysquib.co. at-churchill-really-thought-of-the-european-union.html …       ,#eureferendum #euref #brexit #Remain #strongerin #VoteLeave #GO
61,21862594,779608164027265024,2016-09-24 05:07,North Devon,-0.09583333333333334,0.4458333333333333,Never mind hard or soft  . 48% of voters voted for no Brexit at all. Their voices need to be heard.  ,#Brexit #strongerin #openbritain
62,20921478,779448502317383680,2016-09-23 18:32,,-0.2916666666666667,0.5416666666666666,Notice the pro  globalists who mocked the people's  vote are now railing hard against  & push ,#VoteRemain #brexit #donaldtrump #HillaryClinton
63,746364088247324673,779420624410255360,2016-09-23 16:42,"London, England",0.18333333333333332,0.5499999999999999,Ironic that a French woman gets  rather better than many  do .... so far. Will the frightened  folk come round now?   …,#Brexit #Brits #VoteRemain
64,1379051833,779401789581955073,2016-09-23 15:27,,-0.3,0.6,Late night Friday night abstract writing for  with    pic.twitter.,#brexit #bremain
65,253615321,779371898673258496,2016-09-23 13:28,Brussels @EU_Commission ,0.0,0.0,The EU and the UK -- Parting Ways But Working Together  huffingtonpost. the-eu-and-the-uk-parting_b_12153752.html?ncid=engmodushpmg00000004 … via      ,#Brexit #EUref #UKinEU #2ndref #Openbritain
66,253615321,779371566341685248,2016-09-23 13:27,Brussels @EU_Commission ,0.7,0.6000000000000001,Brussels has set itself on a  collision course with London  heraldscotland.  … UK in EU: economy good - out: ???  ,#Brexit #UKinEU #Remain
67,21862594,779221091487186944,2016-09-23 03:29,North Devon,0.12222222222222222,0.5944444444444444, are letting me (and the rest of the 48%) down mightily.       …,#Labour #sad #angry #disappointed #Brexit #strongerin
68,253615321,779218422689333248,2016-09-23 03:18,Brussels @EU_Commission ,0.0,0.5,150 firms open to post-  Dublin switch       ,#Brexit #fintech #UKinEU #remain #Openbritain #2ndref #EUref
69,254280603,779113983697686529,2016-09-22 20:23,"Chapel Hill, NC",-0.08333333333333333,0.5333333333333333,The longer it goes... Less likely to happen...     …,#Brexit #Bremain
70,1710743832,779087315922722817,2016-09-22 18:37,somewhere out of this world,-0.06666666666666661,0.3888888888888888,     BRITAIN MUST HAVE A BAD DEAL IF EUROPEAN UNION IS TO SURVIVE ELSE MORE COUNTRIES LEAVE,#WeAreThe48 #NotMyVote #Brexit #Bremain
71,287068800,778943631445073920,2016-09-22 09:06,London,0.75,0.75,This  fiasco seems remarkably analogous to  . ,#GBBO #Brexit #voteremain
72,254280603,778941064459804674,2016-09-22 08:56,"Chapel Hill, NC",0.5,0.5,Couldn't have said it better myself...     …,#Brexit #Breality #Bremain
73,805515175,778935631338668032,2016-09-22 08:35,"Corby, England",0.0,0.0,I voted in this  poll        …,#StrongerIn #EUreferendum #Brexit #BrexitBritain #votedremain
74,48456240,778912308722622464,2016-09-22 07:02,,0.75,1.0,I  for the   vote with  & unlocked my own Flag Profile pic! What will you vote?    …,#VoteIn #Brexit #EURef #ivoted
75,722933111537983488,778845798977200128,2016-09-22 02:38,,0.0,0.0,theordinaryman2: This is not my Flag &amp; never will be Re-tweet if u agree      http…,#EUreferendum #LeaveEU #StrongerIn #Brexit #VoteLeave
76,800835,778731948684345346,2016-09-21 19:05,UK,0.0,0.0,Allegiance            ,#EU #flag #voteremain #brexit #politics #europe #home #olympus #omd #em1
77,273535238,778693820024184837,2016-09-21 16:34,UK,-0.2083333333333333,0.16666666666666666,Looking at  twitter feed she was  whilst previously encouraging investors to  money to The Bahamas!,#StrongerIn #Brexit
78,253615321,778662338517954560,2016-09-21 14:29,Brussels @EU_Commission ,0.17222222222222225,0.5333333333333333,UK is member of EU and economy is running fine. There will be a change with  to the better or to the worse   ,#Brexit #remain #UKinEU #EUref
79,713128386651168768,778649915463495680,2016-09-21 13:39,"London, England",-0.2916666666666667,0.5416666666666666,Education ... the hard  ideology will damage education & research. We need to press for the options    …,#brexit #strongerin
80,831711662,778636432323801088,2016-09-21 12:46,,0.0,0.0,Liam Fox receives package - no instructions            pic.twitter.,#UK #EUreferendum #EUref #Bremain #Brexit #tories #EU #theresamay #conservative #Libdems #Labour
81,210883893,778633854093496321,2016-09-21 12:35,S London,0.0,0.0,Osborne's gotterdamerung forecasts did  no favours...but until we know what  means all bets are off ,#VoteRemain #Brexit #bbcpm
82,1201792831,778566410389815296,2016-09-21 08:07,London - England,0.14285714285714285,0.26785714285714285,Well the right wing British Media won't probably read this now.  Turmoil.      …,#Brexit #StrongerIN #EU #Remain
83,1696879861,778496560703340544,2016-09-21 03:30,Greece,0.13636363636363635,0.4545454545454545, new campaign slogan.   …,#voteremain #brexit
84,342988444,778471700153237504,2016-09-21 01:51,UK ,0.7,0.2,"""...and then they all laughed and laughed.""   ## …",#Brexit #StrongerIn # #
85,21799748,778408224928178176,2016-09-20 21:39,"New York, USA",0.0,0.0,Actions speak louder than words. I'm not convinced     …,#Brexit #StrongerIn
86,730736334252474368,778237663946149888,2016-09-20 10:21,Great Britain and Global,0.5,0.5,Oh Bummer thank you for endorsing   Yours sincerely.    pic.twitter.,#StrongerIn #VoteRemain #OpenBritain #Brexit #ObamasLegacy
87,271506608,778197511681011712,2016-09-20 07:41,Brussels,0.65,0.8166666666666667,Whatever you think about   this is a brilliant (& accurate) soundbite.    pic.twitter.,#Brexit #Bremain #OpenBritain
88,17800138,778166534896254976,2016-09-20 05:38,Dorset,-0.3333333333333333,0.6666666666666666,Take note of Toynbee's  fears: Get serious Labour rebels and deal with the Brexit catastrophe   theguardian.  …,#brexit #StrongerIN
89,200500118,778117280563617792,2016-09-20 02:23,European Union,-0.04166666666666666,0.2916666666666667,"Universities fear UK global reputation in jeopardy due to  signal of ""not open for business""    theguardian. …",#Brexit #LoveHE #Bremain
90,2240254399,777961638347608064,2016-09-19 16:04,The Revolution,0.0,0.0, supporter &   member David Czerwonko fined after stealing Eddie Izzard's hat -  bbc.co. d-london-37409552 … ,#Brexit #National #Action #Bremain
91,914281548,777950037015920642,2016-09-19 15:18,European Parliament,-0.525,0.7,I'm disgusted at bitter remoaners   blaming every ill of the world on  because lying  failed.,#Brexit #StrongerIn
92,4878506848,777949296805158912,2016-09-19 15:15,,-0.05,0.35,MERKEL REGRETS OPEN DOOR IMMIGRATION POLICY  afret-a-million-refugees-one-year-i-wish-i-could-turn-back-time-merkel-finally-admits-she-regrets-open-door-migrant-policy… via  News  ?    ,#StrongerIn #Rapeugees #Brexit #VoteLeave #Brexit
93,4878506848,777947276492861440,2016-09-19 15:07,,-1.0,1.0, ... Evil Muslim Crucifier!  ?   What about  ?  ,#My3WordDreamJob #StrongerIn #StopIslam #Rapeugees #integration #Brexit #VoteLeave
94,713128386651168768,777899871986675712,2016-09-19 11:59,"London, England",-0.17083333333333334,0.4458333333333333,Banks vs cars... peculiar. Not soft vs hard   it's practical policy vs ideology.   …,#brexit #strongerIN
95,90867206,777796614073221120,2016-09-19 05:08,Bristol,0.4,0.3,An interesting TED talk on Brexit by  Worth a listen both  or  'ers  ,#Brexit #Bremain #EURef
96,112553631,777779003910393856,2016-09-19 03:58,,-0.3,0.8,Why not? Effective Opposition would oblige HMG to admit none of the goals of  achievable.    …,#Brexit #StrongerIn
97,56750019,777776502180044800,2016-09-19 03:49,Citizen of the World,0.0,0.0,So one of  's heroes is Winston Churchill ...     youtube. BjrZQ …,#StrongerIn #remain #Brexit
98,285394068,777658249948622849,2016-09-18 19:59,,0.0,0.0, So did  on his pro-  campaign.        ,#davidcameron #bremain #Brexit #BrexitVote #mulcair #tommulcair #NDP #cdnpoli #canpoli #ukpoli
99,44803158,777565226140995585,2016-09-18 13:49,United Kingdom,0.0,0.0,Block to  deal if rights of  in UK hit  via    ,#Brexit #easternEuropeanworkers #migration #UKinEU #EUissues
100,2286314208,777480916180594689,2016-09-18 08:14,,0.625,0.8,Yes! Veto! I want my free movement!!     theguardian.  …,#brexit #EUpassport #StrongerIn
101,1931515028,777394585601470464,2016-09-18 02:31,"South West, England",0.0,0.0,This is Tim Farron's chance to speak for the 48 per cent  newstatesman.  …      ,#Brexit #strongerin #proEU #NoDust #SavingLabour #Refugees
102,244179636,777382213490991104,2016-09-18 01:42,Caerdydd,0.25,0.25,This headline encapsulates my reason for supporting   theneweuropean.co.   pic.twitter.,#Bremain #Brexit
103,44803158,777337418512936960,2016-09-17 22:44,United Kingdom,0.0,0.0,Block to  deal if rights of  in UK hit  via    ,#Brexit #easternEuropeanworkers #migration #UKinEU #EUissues
104,770060920638898176,777304841660035072,2016-09-17 20:34,"London, England",0.0,0.0,OMG WE FOUND BORIS JOHNSON'S MUM     pic.twitter.,#Brexit #voteleave #voteremain
105,1710743832,777237423587790848,2016-09-17 16:06,somewhere out of this world,-0.025000000000000005,0.19166666666666665,     THE BRITISH PEOPLE 48% WANT TO REMAIN IN EU 51% WANT TO LEAVE no clear mandate to leave,#WeAreThe48 #NotMyVote #Brexit #Bremain
106,252276052,777236689672626176,2016-09-17 16:04,"Thorne, England",0.0,0.0,  yet another  example of turkeys voting for Xmas. ,#Brexit #strongerin
107,713128386651168768,777228526919487489,2016-09-17 15:31,"London, England",0.0,0.0,Witlof (UK style) and chips for tea.  and so on! Damn ,#strongerin #brexit
108,1907248850,777196702289715200,2016-09-17 13:25,"Metz, Luxembourg, London, EU",0.0,0.0,Brexit to be triggered by Theresa May 'in January or February'        …,#BREXIT #StrongerIn #No2EU #EUref #LeaveEU #VoteLea
109,21589996,777181993423568896,2016-09-17 12:26,Brighton & Hove,-0.6,1.0,Just when you thought you had seen all permutations of  stupidity ...     5i?ocid=st …,#Brexit #brexitjustice #Remain #strongerin
110,831711662,777091162448470016,2016-09-17 06:25,,0.13636363636363635,0.4545454545454545,Nigel Farage and new Ukip leader Diane James          newstatesman. …,#UKIP #Bremain #Brexit #EUpolitics #EU #EUreferendum #UK #VoteLeave
111,157761266,776935269815685120,2016-09-16 20:06,London - UK     New York - US,0.0,0.125,All those crappy MP's stuck in the 1970's and still banging on about  should be sacked.!!  &  is the FUTURE..!!,#VoteREMAIN #BREXIT #BLOCKCHAIN
112,746750063154704385,776862591444484096,2016-09-16 15:17,"Watford, England",0.0,0.0,  everyone knows that the brains of the  mob cannot process logic. ,#Brexit #StrongerIn
113,776850179962077184,776856403571081216,2016-09-16 14:52,,0.0,0.0,Together we will fight and STOP  ! WE WILL NOT STOP!       pic.twitter.,#Brexit #EU #EUref #UK #VoteRemain
114,1049325745,776850782239002624,2016-09-16 14:30,,0.1090909090909091,0.2636363636363636,UKIP is no game changer nor for something new. They want the old back...     48903543095300 …,#brexit #dkmedier #bremain
115,773254611754946561,776784775839449089,2016-09-16 10:08,"England, United Kingdom",0.0,0.0,Another one.       pic.twitter.,#brexit #EUReferendum #StrongerIn #BrexitBritain #resist #Remain
116,766987014084276224,776756294141222912,2016-09-16 08:15,,0.0,0.0,well said  and well done to the plucky  campaigner who photo-bombed this shot     …,#strongerin #brexit #eu
117,759949038,776687828679921664,2016-09-16 03:43,,0.0,0.0, theguardian.  … ?  vote doing wonders for the UK.  ,#Brexit #VoteRemain #Nobrexit
118,1499573666,776676900156694528,2016-09-16 02:59,UK plc,0.0,0.0,        UK power to    …,#AskJuncker #singlemarket #freedomfmovement #remoaners #voteremain #vote2stay #brexit #eu
119,1499573666,776675835692613632,2016-09-16 02:55,UK plc,0.0,0.0,Well done Blu!! To ease the pain of          …,#Remoaners #Brexit #EU #AskJuncker #EUvisa #singlemarket #VoteRemain
120,516808343,776666777619206144,2016-09-16 02:19,United Kingdom,0.0,0.1, is by no means a done deal until the day we actually leave. ,#Brexit #StrongerIn
121,2984596167,776630471853744128,2016-09-15 23:55,,0.0,0.0,Cheated by EU  skankworks.  ,#brexit #bremain
122,903808460,776624033450295296,2016-09-15 23:29,,0.0,0.05,   Then 2 years later had  Referendum in '75 & voted to  ... Been political for decades,#Brexit #Bremain
123,254280603,776578156698472452,2016-09-15 20:27,"Chapel Hill, NC",0.0,0.55,Not to stir pot too much...But only 36% of people voted for   so technically  would appease majority  776549432372461572 …,#Brexit #Bremain
124,15788221,776548029969170433,2016-09-15 18:27,European Union,0.20000000000000004,0.7666666666666666,Excellent! Cant quite believe the awkward  campaign couldnt come up with real arguments like this    …,#bremain #Brexit
125,15588419,776528042499899392,2016-09-15 17:08,Amsterdam,0.0,0.0,She’s campaigning against  ?    …,#brexit #StrongerIN
126,516808343,776501865982914562,2016-09-15 15:24,United Kingdom,-0.25,0.5,No more Nigel Farage  ,#Brexit #StrongerIn
127,499651865,776469853876150272,2016-09-15 13:16,"London, England",0.5,0.5,Democracy Accountability Soovereignty...does anyone rember any more buzz words?     …,#LeadNotLeave #Brexit #LeaveLies
128,346703493,776391622300958720,2016-09-15 08:06,U.K.,0.0,0.0,Bank of England lifts UK third quarter growth forecast -  england-lifts-uk-third-quarter-growth-forecast-10578804 …   ,#Remain #Brexit #Bremain
129,2410949576,776330376532914176,2016-09-15 04:02,UK and wherever I may wander,0.0,0.0,I may soon be Estonian...    theguardian. …,#Brexit #bremain
130,366238033,776197172463362048,2016-09-14 19:13,London,0.0,0.0,Read about:       holy-grail-of-political-representation …,#democracy #Brexit #EU #VoteLeave #VoteRemain
131,119828727,776163018250084352,2016-09-14 16:57,,0.13333333333333333,0.13333333333333333,Back from Malaga & put my  away. Guess I won't be needing it much longer. Thanks      ,#EHIC #brexiteers #eubenefits #europe #bremain #EU #brexit
132,2388160516,776154083463983104,2016-09-14 16:22,Berwick-upon-Tweed,0.0,0.0,If you bought some thing that wasn't as advertised you'd get your money back      …,#JustSaying #Brexit #VoteRemain
133,89286004,776149990536278017,2016-09-14 16:05,,0.0,0.0,Yet another   lie exposed!   bbc.co. ope-37359196 …,#remain #strongerIn #Brexit
134,4878506848,776146083177177088,2016-09-14 15:50,,-0.3333333333333333,0.4833333333333333,DISTURBING: HALF OF IMNIGRANT-LED HOUSEHOLDS CLAIM BENEFITS     bing-study-shows-half-of-immigrant-led-households-collect-welfare… via  News,#StrongerIn #StopIslam #Brexit
135,1952422790,776087267966345216,2016-09-14 11:56,"Washington, DC",0.25,0.3125,Fred Bergsten of  predicts that  won't happen. Too many eco uncertainties regarding future deals w &  .  ,#Brexit #EU #US #UKinEU #AEI
136,716378272725078016,776073369833832448,2016-09-14 11:01,,0.0,0.06666666666666668,Eurozone faces a time bomb of growing public debt  dailysquib.co. -the-eurozone-risks-intensifying-its-demise-why-britain-must-leave.html …       ,#BREXIT #VOTELEAVE #REMAIN #STRONGERIN #BRITAINOUT #EU #DEBT
137,716378272725078016,776043243461021696,2016-09-14 09:01,,0.0,0.0,UK cannot control who enters country because of EU law  dailysquib.co. te-leave-facts-yvette-cooper-caught-lying-on-the-eu-and-security.html …      ,#EUREF #EUREFERENDUM #VOTELEAVE #REMAIN #STRONGERIN #BREXIT
138,1201792831,776014837910560770,2016-09-14 07:08,London - England,0.5,0.5,"The  reality about leaving  . ""Burn too many bridges & you will be stuck on the island”    …",#brexit #Europe #StrongerIN
139,718153855,775954789058306048,2016-09-14 03:10,,1.0,1.0,Would like to see results of opinion poll: Greatest upset of 2016? 1)  2)  moving to   works either way!,#Brexit #GBBO #Voteremain
140,2240254399,775800091944845312,2016-09-13 16:55,The Revolution,0.0,0.0,   deal needed before 2019 elections - EU's Verhofstadt  bbc.co. ope-37350794 … ,#FuckBrexit #FuckTheUK #Brexit #Bremain
141,252276052,775797994272743424,2016-09-13 16:47,"Thorne, England",0.0,0.0,     all clueless  twits  .  100%  ,#Brexit #clueless #VoteRemain #ProEU
142,3240124383,775700998715211776,2016-09-13 10:21,United Kingdom,0.0,0.0,Calling on all MPs to save the country from disaster! Vote against art50!   .  !,#brexit #regrexit #Bremain
143,1349856667,775678431556231168,2016-09-13 08:52,No Leader Land,0.0,0.0,The advantages  got to   will turn into disadvantages with ,#UK #Bremain #Brexit
144,746364088247324673,775655912920973312,2016-09-13 07:22,"London, England",0.2272727272727273,0.5454545454545454,Whether you were  or  the reality is that  's being viewed as positive for the UK economy   …,#VoteLeave #VoteRemain #Brexit
145,716378272725078016,775635736615915520,2016-09-13 06:02,,0.0,0.0,Moody's Refutes CBI Scaremongering THE FACTS       ,#EUreferendum #LeaveEU #Remain #Brexit #EUref #strongerIN
146,382758499,775632977413935104,2016-09-13 05:51,Birkbeck,-0.4,0.7,A victory for democracy: David Davis says brexit negotiations to be kept secret from Parliament    independent.co.  …,#Brexit #StrongerIN
147,787464674,775627085897433088,2016-09-13 05:28,,0.0,0.0,"""When  broke markets believed the bookies predicting  . I wish I'd seen it & taken advantage""  ",#Brexit #Bremain #BDFMInvestSummit
148,30986633,775613557773889536,2016-09-13 04:34,Greater London,0.0,0.6,Reassuring that so many from  camp must now be secretly optimistic about  !   …,#VoteRemain #Brexit
149,959947411,775613360117276672,2016-09-13 04:33,Brussels,0.0,0.0,Treat  as an opportunity and build a two-tier Europe  writes  ft. 6c-76a2-11e6-bf48-b372cdb1043a.html?siteedition=intl …  ,#Brexit #axzz4K7fBs9u6 #BratislavaSummit #UKinEU
150,89500062,775584943753748480,2016-09-13 02:40,"Bengaluru, India",-0.1875,0.3125, has hit British folks.Inflation has risen and weak pound hits shoppers   the Q rises: what have u done grandma?,#Brexit #StrongerIn #UnitedEU
151,735145582700994561,775508979115884544,2016-09-12 21:38,London,-0.175,0.95,I should find it funny but its depressing to hear  &  loons talk about 'mandate'. ,#Remain #StrongerIn #Brexit
152,1710743832,775483225913393152,2016-09-12 19:56,somewhere out of this world,-0.1,0.5,    BRITAIN DESERVES A GENERAL ELECTION NOW NO MORE STALLING pic.twitter.,#WeAreThe48 #ShareTheFact #Bremain #Brexit
153,1710743832,775482857879957504,2016-09-12 19:54,somewhere out of this world,0.0,0.0,    STAY AND FIGHT FOR BRITAIN IN THE EUROPEAN UNION XXXXXXXXXXXXXXXXXXXXXXXXX pic.twitter.,#Brexit #Bremain #NotMyVote #WeAreThe48
154,503712809,775432151491829760,2016-09-12 16:33,"Plymouth, England",-0.125,0.125,Tell you what  I blame  for the amount of foreign criminals in our country that you feature on your show. Not ,#Crimewatch #StrongerIn #Brexit
155,759949038,775408266893557765,2016-09-12 14:58,,0.0,0.0,We may as well leave the  oh yea We did    Pah  …,#EU #Brexit #VoteRemain #GBBO
156,18629308,775394348443762688,2016-09-12 14:03,"Staffordshire, UK",-0.39,0.52,The very least you can spend your time doing  is campaign against this  nightmare you dumped us in. ,#Brexit #StrongerIn
157,1382753540,775390766361374720,2016-09-12 13:48,London/Scarborough,0.2166666666666667,0.8333333333333334,Even the most beautiful city on earth has its ugly spots    pic.twitter.,#York #StrongerIn #Brexit
158,263120809,775388870313672704,2016-09-12 13:41,"London, UK",0.0,0.0,Boris Johnson can't escape the clown suit straitjacket he made for himself  Spot on!    ,#BrexitBritain #StrongerIn #Brexit
159,730658801200812032,775366982560604161,2016-09-12 12:14,United Kingdom,0.2333333333333333,0.20000000000000004,For Witney it's not which party wins but which camp wins David Cameron's old seat -  or  ? Have we become a two camp state?,#Brexit #Bremain
160,716378272725078016,775318407512285184,2016-09-12 09:01,,0.1,0.1,What Churchill Really Thought of the European Union  dailysquib.co. at-churchill-really-thought-of-the-european-union.html …       ,#eureferendum #euref #brexit #Remain #strongerin #VoteLeave #GO
161,346703493,775306528987439104,2016-09-12 08:14,U.K.,0.0,0.0,The truth about the  . 'What has the EU learnt since  ?'  bbc.co. ope-37337950 …  ,#EU #Brexit #Remain #Bremain
162,746371177174679552,775270859468632065,2016-09-12 05:52,"South East, England",0.0,0.0, Bullshit       pic.twitter.,#Brexit #LeaveEU #Sprouts #BrexitNow #Juncker #Bremain
163,352627276,775269837341921284,2016-09-12 05:48,,0.8,0.9,Welcome to the Euro family by Sketchaganda     ,#VoteLeave #StrongerIn #Brexit #EUReferendum
164,263120809,775262506352840704,2016-09-12 05:19,"London, UK",0.0,0.0,Hello   what happened with your £350m  you promise?      ,#NHS #strongerin #BrexitBritain #Brexit #LeaveEU
165,773177323352911872,775240157528227840,2016-09-12 03:50,Flying all over the UK,0.0,0.0, let's flood Twitter with        pic.twitter.,#EUflags #weloveeurope #eu #Bremain #theneweuropean #Brexit #StrongerTogether
166,1314336074,775151957908549632,2016-09-11 22:00,Your ad here,-0.25,0.2333333333333333,Raining on the Parade  skankworks. heir-parade…  ,#brexit #bremain
167,713071676045598720,775131438064791553,2016-09-11 20:38,"London, England",0.15,0.4,       OK then I recommend long march off a short pier,#marchforeurope #moveforeurope #brexit #projectremain #neweuropeans #bremain
168,119828727,774997862371516416,2016-09-11 11:47,,0.3125,0.3125,"""Our future is in the air"" I couldn't have put it better myself!       pic.twitter.",#noexitplan #brexit #remain #Europe #EU #UKinEU
169,719829462334992384,774930321951354881,2016-09-11 07:19,,-0.1875,0.5,Oh dear Little Britain       ,#libeurope #forsmith #labour #libdems #strongerin #brexit
170,4866686194,774916992415432704,2016-09-11 06:26,,0.0,0.0,British  never falters. Not even in TRAGEDY!:  thelondonsalad. es-of-remain-bremain…  ,#Humor #Brexit #Bremain
171,612473,774906111854047232,2016-09-11 05:43,London,0.0,0.0,.   Why is it democratic to side with  and not if with  ?,#Bremain #Brexit
172,759949038,774873418793676801,2016-09-11 03:33,,0.0,0.0, theguardian.  …     . On what promises did  vote?  ,#Brexit #VoteRemain #Brexit #Lies #Brexiteers #Madness #Insanity
173,2758804427,774821074928279552,2016-09-11 00:05,"West View, PA",0.75,1.0,I  for the   vote with  & unlocked my own Flag Profile pic! What will you vote?    …,#VoteIn #Brexit #EURef #ivoted
174,252276052,774769101646524416,2016-09-10 20:38,"Thorne, England",0.0,0.0,Wonder if  will change its name once tossers    get there  way  ,#Brexit #VoteRemain #ProEU
175,119828727,774743292554674176,2016-09-10 18:56,,0.8,1.0,Be brave and undo this madness          pic.twitter.,#UKtoStay #Remain #JoinTogether #weloveEU #Brexit #Madness #Bremain #EU #Europe
176,245325253,774616242908983296,2016-09-10 10:31,London,0.0,0.1,Is that a technical term for  negotiations ? Going well then    …,#Brexit #StrongerIn
177,831711662,774581810227474433,2016-09-10 08:14,,0.037500000000000006,0.44375,After  - 'Fat and lazy' Britain is ill-prepared to secure future outside EU says Fox      theguardian.  …,#Brexit #UK #EUref #Bremain #EU
178,701866563268378626,774539703706062849,2016-09-10 05:27,United Kingdom,-0.75,1.0, For   means  . But we already know this. :(,#TheresaMay #Brexit #Bremain
179,582867073,774489210682220544,2016-09-10 02:06,South Africa,0.0,0.0, It's all the people's fault folks.  ,#LiamFox #Brexit #Bremain
180,346703493,774369515081764864,2016-09-09 18:10,U.K.,0.0,0.0,Wetherspoon's boss attacks 'lurid'  claims  bbc.co. 37315860 …  ,#Brexit #Remain #Bremain
181,232897975,774297456192397313,2016-09-09 13:24,"London, England",0.0,0.1, – time to celebrate! Today is our  minister’s big bang ‘Trade Deal Day’   s-time-to-celebreate-today-is-our-brexit-ministers-big-bang-trade-deal-day… via ,#Britons #Brexit #Bremain
182,746985479992709120,774261564241285120,2016-09-09 11:01,Citizen of The World,0.0,0.7,The Cunning Plan To Defeat Brexit : The Pensive Quill     nning-plan-to-defeat-brexit.html …,#Brexit #VoteRemain #EUIN
183,719829462334992384,774231443828576256,2016-09-09 09:02,,0.0,0.0,BREAKING NEWS         ,#brexit #marchforeurope #projectremain #strongerin #moveforeurope #libeurope #libdems #europeans
184,766898263999979521,774219939326660608,2016-09-09 08:16,"Britain, inside Europe.",0.3333333333333333,0.5833333333333334,Hope is a wonderful thing. But you can't pin the future of an entire nation on it.    -  ,#Brexit #breaks #Britain #Remain #strongerin
185,1974315271,774207410890272768,2016-09-09 07:26,Laredo,0.0,0.0,RT  : Brexit: Radical change needed to save UK Carwyn Jones says      … ,#BREXIT #StrongerIn #No2EU #EUref #Lea
186,1201792831,774203609835765760,2016-09-09 07:11,London - England,0.0,0.0,Preparing for the UK's  Negotiation  via   ,#Brexit #strongerIN #Remain
187,766898263999979521,774148516323037184,2016-09-09 03:32,"Britain, inside Europe.",0.0,0.0,'Britain without the EU is in fact a dwarf on the world level.' Guy Verhofstadt.   ,#brexit #remain #strongerin
188,352627276,774033592238219264,2016-09-08 19:56,,0.8,0.9,Welcome to the Euro family by Sketchaganda     ,#VoteLeave #StrongerIn #Brexit #EUReferendum
189,314325527,774012339486072832,2016-09-08 18:31,Liverpool,0.0,0.0,I'm a  supporter but you can't ignore results you don't like!  must happen & should be done ASAP  84883416924160 …,#VoteRemain #Brexit
190,1201792831,773992405716594689,2016-09-08 17:12,London - England,0.0,0.0, we could sell Dukes cricket balls for vegemite & Tim tams??    the    …,#brexit #remain #strongerIN #EU
191,516808343,773983862930173952,2016-09-08 16:38,United Kingdom,0.1666666666666667,0.4694444444444444,It's clear that  will be hugely damaging for our economy & future generations yet people still want it to go ahead? ,#Brexit #StrongerIn
192,516808343,773983663012872192,2016-09-08 16:37,United Kingdom,0.0,0.0,A majority voted to leave the EU - that's it. It's up to Government & Parliament to take  forward if at all. ,#Brexit #StrongerIn
193,516808343,773982943748427776,2016-09-08 16:34,United Kingdom,0.0,0.0,What ever happens to   the Conservative Party are going to end up having disgruntled voters. ,#Brexit #StrongerIn
194,746985479992709120,773964938889003008,2016-09-08 15:23,Citizen of The World,0.22083333333333333,0.6416666666666666,I thank the previous PM this PM for the crisis and many MPs for not challenging Ref welcome to the republic.   ,#Brexit #EU #StrongerIN
195,716378272725078016,773959584302202880,2016-09-08 15:01,,0.0,0.06666666666666668,Eurozone faces a time bomb of growing public debt  dailysquib.co. -the-eurozone-risks-intensifying-its-demise-why-britain-must-leave.html …       ,#BREXIT #VOTELEAVE #REMAIN #STRONGERIN #BRITAINOUT #EU #DEBT
196,713071676045598720,773921402302803968,2016-09-08 12:30,"London, England",0.5,0.5,BREAKING NEWS WE NEED MORE MARCHES       ,#marchforeurope #moveforeurope #brexit #projectremain #neweuropeans #bremain
197,815388733,773913903541673984,2016-09-08 12:00,,0.0,0.0,Despite our dodgy weather we are the BBQ kings of Europe  or  :  pic.twitter.,#Brexit #Bremain
198,716378272725078016,773868858155339776,2016-09-08 09:01,,0.0,0.0,UK cannot control who enters country because of EU law  dailysquib.co. te-leave-facts-yvette-cooper-caught-lying-on-the-eu-and-security.html …      ,#EUREF #EUREFERENDUM #VOTELEAVE #REMAIN #STRONGERIN #BREXIT
199,118359242,773845950322409472,2016-09-08 07:30,Earth ,-0.14715909090909088,0.6240530303030303,so far the  side dreams on new glory days and the  prays to avoid recession and other bad things to happen,#brexit #bremain
200,1412631595,773835183392976897,2016-09-08 06:47,Florence/Cologne; @EuropeanUni,1.0,0.75,That is actually great news! we need truly dedicated  those days!        …,#Europeans #Brexit #Bremain #EU #UK
201,713128386651168768,773782783948943360,2016-09-08 03:19,"London, England",0.2,0.2,This and I may use the word too much astonishes me. What is the worry? Apart from we're     …,#StrongerIn #brexit
202,1710743832,773714334069432321,2016-09-07 22:47,somewhere out of this world,0.0,0.0,    SO DO WHATS IN THE NATIONAL INTERESTS SELFSERVATIVES pic.twitter.,#WeAreThe48 #NotMyVote #Brexit #Bremain
203,1710743832,773714016820756480,2016-09-07 22:46,somewhere out of this world,0.125,0.25,     THE BRITISH PEOPLE ARE BEING PLAYED FOR HIGHER TAXATION pic.twitter.,#WeAreThe48 #NotMyVote #Brexit #Bremain
204,324500594,773495306671587328,2016-09-07 08:17,"Glasgow, Scotland, UK",-0.125,0.9,'UK  output suffers unexpected decline post  vote' [unexpected?!]  ce=social&utm_medium=twitter&utm_campaign=/uk-manufacturing-output-suffers-unexpected-decline-after-brexit-vote-1580062 … via  ,#manufacturing #Brexit #bremain
205,713071676045598720,773476094154448897,2016-09-07 07:00,"London, England",-0.16666666666666666,0.06666666666666668,Britain feels less welcomed.       Dr Liam... ,#projectremain #libeurope #europe #bremain #brexit
206,748506876892090369,773441110895198208,2016-09-07 04:41,"#Nottingham, #Karlsruhe",0.5,0.5, 18 … have2admit:  are much more fighting this through then  or  are fighting against  .,#voteleave #Bregret #bremain #Brexit
207,34713362,773432381210517504,2016-09-07 04:07,New York and the World,-0.12121212121212123,0.5681818181818182, Just after they have finished their flashy new HQ in Broadgate. What a total balls-up  has  be. ,#Brexit #StrongerIn
208,81324966,773411442477465600,2016-09-07 02:43,"Paris, France",0.0,0.016666666666666666," bbc. cs-37291832 … Prioritising world's 13th economy while ""back of the queue"" for largest. Reality outside EU.  ",#Brexit #StrongerIN
209,716378272725078016,773400770817454081,2016-09-07 02:01,,0.0,0.0,Moody's Refutes CBI Scaremongering THE FACTS        ,#EUreferendum #LeaveEU #Remain #Brexit #EUref #strongerin #voteleave
210,716378272725078016,773371852400037888,2016-09-07 00:06,,0.0625,0.5,Frontex Report Shows Major Flaws in EU Security        ,#VoteLeave #go #euref #EUreferendum #Brexit #Remain #StrongerIn
211,1710743832,773318555295162368,2016-09-06 20:34,somewhere out of this world,0.0,0.0,     THE EUROPEAN UNION MUST BLOCK THE  AMEND ARTICLE 50 pic.twitter.,#WeAreThe48 #NotMyVote #ShareTheFacts #Bremain #Brexit #BREXIT
212,766273862,773318165342265344,2016-09-06 20:33,,-0.4625,0.7,Don't forget GRASSROOTS  ! The leftist media(BBC)reported polls favoring  4 weeks & were shocked on referendum day! ,#Brexit #voteremain #tcot
213,1710743832,773299989615370240,2016-09-06 19:20,somewhere out of this world,0.125,0.25,     THE BRITISH PEOPLE ARE BEING PLAYED FOR HIGHER TAXATION pic.twitter.,#WeAreThe48 #NotMyVote #Brexit #Bremain
214,47435872,773270737478189056,2016-09-06 17:24,liberal. Animal politicum,0.0,0.0,It's not that it wasn't mentioned before the referendum. Just sayin'.     …,#Brexit #StrongerIn
215,61625482,773219822255665152,2016-09-06 14:02,"London, England",0.0,0.0,Not in Lambeth it didn't    pic.twitter.,#brexit #voteremain
216,250391179,773218080029863936,2016-09-06 13:55,Birmingham,0.0,0.0,This. This. This.     …,#Brexit #VoteLeave #VoteRemain
217,700825817358712833,773172745634975744,2016-09-06 10:55,,0.0,0.0,   this for the leavers who believed in garage's lies    ,#LeaveWatch #Brexit #Ukip #voteremain
218,252276052,773159295433203712,2016-09-06 10:01,"Thorne, England",0.0,0.0, you were  but now you have turned traitor and sided with  and that numpty   ,#VoteRemain #Brexit #StrongerIn #ProEU
219,47071615,773154658961461249,2016-09-06 09:43,"Paris, Lyon, Brussels",0.15227272727272728,0.3909090909090909,"""New freedoms new opportunities and new horizons"". Really?     …",#Brexit #StrongerIn
220,716378272725078016,773144150594256896,2016-09-06 09:01,,0.1,0.1,What Churchill Really Thought of the European Union  dailysquib.co. at-churchill-really-thought-of-the-european-union.html …       ,#eureferendum #euref #brexit #Remain #strongerin #VoteLeave #GO
221,2429410620,773143855248003073,2016-09-06 09:00,London/Moscow,0.0,0.0,MUST SEE video of  lies and  campaign shame       ,#Brexit #Leave #brexitlies #Remain #EUref #VoteRemain #EU #StrongerIn
222,4806808293,773122629121167360,2016-09-06 07:36,"London, England",0.4571428571428571,0.55,No  is a good Brexit except maybe the pure fantasy one promised by the Leave camp.  not lose cause  eu-not-fools-errand…,#Brexit #Bremain
223,338640411,773045527046918144,2016-09-06 02:29,"Les Carroz d'Arâches, France",0.04910714285714285,0.5178571428571428,A little blog on a less-talked-about right we are giving up with  .   ,#brexit #StrongerIn #remain
224,1710743832,773039599576870912,2016-09-06 02:06,somewhere out of this world,0.0,0.0,     Amend article 50 and stop this  nonsense 50 year rule,#WeAreThe48 #NotMyVote #Brexit #Bremain #Brexit
225,1710743832,773038955516354561,2016-09-06 02:03,somewhere out of this world,0.003787878787878785,0.27651515151515155,     THERE NEEDS TO BE A NEW EUROPEAN UNION REMASTERED BEFORE OTHER COUNTRIES START TO EXIT,#WeAreThe48 #NotMyVote #Brexit #Bremain
226,1710743832,773036884750635008,2016-09-06 01:55,somewhere out of this world,0.0,0.0,     THE EUROPEAN UNION MUST REWRITE ARTICLE 50 AND STOP THIS  nonsense 50 year rule,#WeAreThe48 #NotMyVote #Brexit #Bremain #Brexit
227,3135565264,772936626800566272,2016-09-05 19:17,GREAT Britain,0.2,0.3,When you're trying to decieve someone you often acuse them of the very crime you are committing   pic.twitter.,#strongerIn #brexit
228,2286314208,772879586170404864,2016-09-05 15:30,,0.5,0.6,300 people in David Davis department for   but still no plan. I'd love to know what their salaries are. ,#Brexit #StrongerIn
229,559642331,772876679727439872,2016-09-05 15:18,London,0.0,0.0,Why is nobody blaming  's lacklustre  and  's non-existent  campaign for  ? One word: agenda.,#WillStraw #StrongerIN #AlanJohnson #LabourIn #Brexit
230,1056782598,772844307002826752,2016-09-05 13:10,"Raleigh,NC",0.75,1.0,I  for the   vote with  & unlocked my own Flag Profile pic! What will you vote?    …,#VoteIn #Brexit #EURef #ivoted
231,346703493,772802560684097536,2016-09-05 10:24,U.K.,0.0,0.0,Recession fears 'fade' as  's service sector grows.  bbc.co. 37274279 …    ,#UK #Brexit #Remain #Bremain #Remainiacs
232,56100500,772798222733602817,2016-09-05 10:07,London,0.2,0.45,.     Which  ? -  ? -  remain +free EU movement +political crisis +GE triumph?,#Brexit #Bremain #EEA
233,2429410620,772792750093631488,2016-09-05 09:45,London/Moscow,0.0,0.0,WATCH video of  lies and  campaign shame        ,#Brexit #Leave #brexitlies #Remain #EUref #VoteIn #Bremain #EU #StrongerIn
234,769924072503386112,772772440510435330,2016-09-05 08:24,,-0.3125,0.6875,Anyone noticed how pro  tweets dominate Twitter during working hours and pro  dominate after 6pm. What can this mean?,#bremain #brexit
235,1445924880,772764030054301696,2016-09-05 07:51,"London, England",0.0,0.0,One out of 4 Brits consider leaving UK since the referendum    politico. r-of-brits-considered-leaving-uk-since-brexit-vote-poll-eu-referendum-europe-consequences-economy…,#brexit #bremain
236,746985479992709120,772760217054478336,2016-09-05 07:36,Citizen of The World,0.5,0.9,EU referendum latest: Which newspapers are backing Leave and Remain?  referendum-latest-which-newspapers-are-backing-leave-and-remain-5951227…   ,#Voteremain #Brexit #LeaveWatch
237,54656377,772749761623580672,2016-09-05 06:54,Hampstead or Cap d'Antibes,0.2,0.2,Recession fears 'fade' as UK's service sector grows -  bbc.co. 37274279 … so much for   scaremongering ,#Brexit #voteremain
238,20083727,772742915298889728,2016-09-05 06:27,"London, England",0.0,0.0, with the world          …,#EUtrade #BRexit #TheresaMay #EUref #brexitbritain #bremain #bbcnews #BreakingNews
239,200500118,772713161875136513,2016-09-05 04:29,European Union,-0.5,0.5,PM is unable to commit to  pledges on  and immigration - let's   theguardian.  …,#Brexit #NHS #Bremain
240,200500118,772703627077189632,2016-09-05 03:51,European Union,0.0,0.0,Words of attempted re-assurance abroad ... but a blank page on what  will look like ... let's   bbc.co. cs-37271413 …,#Brexit #Bremain
241,759818994996043780,772699941324062720,2016-09-05 03:36,City 17,-0.3333333333333333,0.6666666666666666, Seriously are they still on about that? They lost get over it.  ,#brexit #bremain
242,1710743832,772625531850350592,2016-09-04 22:40,somewhere out of this world,0.0,0.15,      The British people have been short changed -  labour.org.uk /,#WeAreThe48 #ShareTheFacts #NotMyVote #StopTheTories #Bremain #Brexit
243,1710743832,772623587241000960,2016-09-04 22:33,somewhere out of this world,0.05000000000000002,0.5,      GENERAL ELECTION NOW The Labour Party -  labour.org.uk /,#WeAreThe48 #ShareTheFacts #NotMyVote #StopTheTories #Bremain #Brexit
244,1710743832,772614079458533378,2016-09-04 21:55,somewhere out of this world,0.125,0.25,     THE BRITISH PEOPLE ARE BEING PLAYED FOR HIGHER TAXATION pic.twitter.,#WeAreThe48 #NotMyVote #Brexit #Bremain
245,2240254399,772568762084098049,2016-09-04 18:55,The Revolution,-0.4,0.4, promises broken already.   points-based system not 'silver bullet' says unelected PM -  bbc.co. cs-37271420 … ,#Brexit #Immigration #Bremain
246,87818409,772563177490018305,2016-09-04 18:33,London,-0.07142857142857142,0.21428571428571427, what we are saying is continue the freedom of movement thus retaining access to the single market. Sign here...  ,#brexit #bremain
247,520304632,772520720702242816,2016-09-04 15:44,United Kingdom,0.0,0.0,Breaking news:  means  !,#Brexit #Bremain
248,175481424,772460273894563840,2016-09-04 11:44,Canada,0.5,0.5,interesting that Nicola Sturgeon retweeted this.     …,#Bremain #Brexit
249,1201792831,772447132573892608,2016-09-04 10:52,London - England,0.0,0.5,Only 5 members of Theresa Mays team present at Chequers believed in     pic.twitter.,#brexit #strongerIN #remain
250,1201792831,772435822792564736,2016-09-04 10:07,London - England,0.2333333333333333,0.5666666666666667, economic turmoil. The potential for many job losses as a result of leaving Europe.    …,#brexit #strongerIN #remain
251,386590335,772416653887889408,2016-09-04 08:50,Scotland,0.10000000000000002,0.3833333333333333, The evidence is clear that these isles face decades of hardship if we  . Ignore the racists and loonies and ,#Brexit #Bremain
252,274478080,772399900558581760,2016-09-04 07:44,,0.0,0.0,03.09.16 March For Europe           …,#Peace #StrongerIn #EUref #RemainINEU #Brexit #EUreferendum #YesToEurope #DevidedWeFall
253,746401931317346304,772365131275698176,2016-09-04 05:26,"United Kingdom, EU",0.5,0.8,FREE shipping this weekend on all  Tshirts! Get yours at  ivotedremain.eu    ,#IVotedRemain #Brexit #EURef #marchforeurope #VoteRemain
254,2306936731,772330002897567744,2016-09-04 03:06,singing to myself in a library,0.2,0.5625,Whether you are a yes or no voter  or   this is an important chance to have your say about Scotland's future.,#brexit #bremain
255,1201792831,772270778087768064,2016-09-03 23:11,London - England,0.2083333333333333,0.3083333333333333, economic turmoil. UK will lose its economic & strong political influence in the world.     …,#brexit #strongerIN #remain
256,254280603,772259591174316033,2016-09-03 22:26,"Chapel Hill, NC",1.0,1.0,Makes perfect sense to keep pushing forward wbad idea just because 36% of people voted for it...  v    …,#Brexit #Bremain
257,2240254399,772258459458895872,2016-09-03 22:22,The Revolution,-0.5,1.0, will bring some 'difficult times' -  bbc.co. 58 …   ,#Brexit #ToriesOut #FuckBrexit #Bremain
258,722194882417336320,772251789236338688,2016-09-03 21:55,"Sheffield, England",0.0,0.0,     stop  pic.twitter.,#marchforeurope #paintitblue #strongerin #remainers #brexit
259,722194882417336320,772219729306087425,2016-09-03 19:48,"Sheffield, England",0.40234375,0.7, Me and Alba with our wonderful  cartoon printed 2m wide!!!    pic.twitter.,#march4europe #Brexit #strongerin #remain #paintitblue
260,252276052,772189013688066048,2016-09-03 17:46,"Thorne, England",0.0,0.0, sponsored by   . I am       ,#Brexit #VoteRemain #Bremain #Bremainers #ProEU #ProEurope #Strongerin #StrongerTogether
261,746985479992709120,772168362013126656,2016-09-03 16:24,Citizen of The World,0.0,0.0,“History tells us what may happen next with Brexit & Trump”       istory-tells-us-what-will-happen-next-with-brexit-trump-a3fefd154714#.jzgdqw57p …,#Brexit #EU #Nato #Voteremain #strongerunited #
262,177953760,772128445899894784,2016-09-03 13:45,London Great Britain,0.0,0.0,     Betrayed by an unelected Conservative leader! pic.twitter.,#marchforeurope #strongerin #Brexit #Remain
263,712974286076657664,772127697426378752,2016-09-03 13:42,,0.5,0.5,Most Remainians are IN-denial Time to come together and make it work folks    pic.twitter.,#Brexit #leaveEU #strongerin
264,1710743832,772124379757109248,2016-09-03 13:29,somewhere out of this world,0.0,0.0,    March for Europe: pro-EU campaigners join demos around UK -  theguardian.  …,#WeAreThe48 #NotMyVote #Brexit #Bremain
265,719829462334992384,772094952339828737,2016-09-03 11:32,,0.5,0.9,LATEST NEWS          … ,#projectremain #marchforeurope #moveforeurope #latestnews #ukpolitics #brexit #bremain #eupolitics #eur
266,3172047991,772093956695986177,2016-09-03 11:28,"London, England",0.5,0.5,Interesting to see contrasting views on almost every issue except for capitalism.     pic.twitter.,#Brexit #VoteLeave #strongerin #EU
267,713071676045598720,772092115585110016,2016-09-03 11:21,"London, England",0.0,0.0,We are  . Liberal Europeans and Liberal Democrats shall together fight for  .   ,#strongerin #Bremain #libdems #brexit
268,3105585419,772047219809775618,2016-09-03 08:22,,0.0,0.0,Vote in my poll below:        …,#MarchForEU #marchforeurope #strongerin #OpenBritain #Brexit
269,3105585419,772026755829886976,2016-09-03 07:01,,0.0,0.0,Vote and Retweet: In second   would you change your mind?    ,#EUref #marchforeurope #Strongerin #Brexit #OpenBritain
270,4396843065,771990554716635136,2016-09-03 04:37,United Kingdom,0.0,0.0, just as a murder was blamed on  I now blame  &  for Polish criminals..works both ways   …,#brexit #voteremain #eu
271,722933111537983488,771890719988539392,2016-09-02 22:01,,-0.5,0.5,"ImagineAnna: In the UK its ""racist"" to worry about being RAPED by illegal immigrants     https://…",#Brexit #VoteLeave #StrongerIn #Trump2016
272,352627276,771879503375269889,2016-09-02 21:16,,0.8,0.9,Welcome to the Euro family by Sketchaganda     ,#VoteLeave #StrongerIn #Brexit #EUReferendum
273,20083727,771842137839329280,2016-09-02 18:48,"London, England",0.0,0.0,March for Europ event Sat 3 Sep 2016         …,#BRexit #TheresaMay #EUref #brexitbritain #bremain #bbcnews #BreakingNews
274,105026174,771840768138960900,2016-09-02 18:42,Below the sky,0.8,0.9,Welcome to  .      pic.twitter.,#Britain #Brexit #EUreferendum #EUref #VoteRemain #2ndReferendum
275,2240254399,771839740106727424,2016-09-02 18:38,The Revolution,0.0,0.0, has weakened   says Russia's deputy PM -  bbc.co. 88 …  ,#Brexit #Europe #Bremain #FuckBrexit
276,566054281,771804040514666496,2016-09-02 16:16,United Kingdom (Still!),0.0,0.0,Apply for Irish Citizenship   ,#LiveBetterIn4Words #StrongerIn #Brexit
277,716378272725078016,771769926675755009,2016-09-02 14:01,,0.0,0.06666666666666668,Eurozone faces a time bomb of growing public debt  dailysquib.co. -the-eurozone-risks-intensifying-its-demise-why-britain-must-leave.html …       ,#BREXIT #VOTELEAVE #REMAIN #STRONGERIN #BRITAINOUT #EU #DEBT
278,253498519,771746966283886592,2016-09-02 12:29,"Wakefield,England",-0.3,0.5,Common sense.   smashed the Petainists of  & the seditionist  ,#InvokeArticle50now #Brexit #LabourIn #StrongerIn
279,746985479992709120,771735184706301952,2016-09-02 11:43,Citizen of The World,0.5,0.5,T Blair speech on EU Membership I wish more people listened to him even you disagree on him   ,#Brexit #Voteremain
280,746985479992709120,771702050723885056,2016-09-02 09:31,Citizen of The World,0.35,0.55,No Britain Isn’t Full Sharon Osbourne  politicalstorm. t-full-sharon-osbourne…   ,#Brexit #marchforeurope #Voteremain
281,20083727,771664512285945856,2016-09-02 07:02,"London, England",0.0,0.0,The UK economy at a glance         55925392220160 …,#BRexit #TheresaMay #EUref #brexitbritain #bremain #bbcnews #BreakingNews
282,149947109,771644194624385024,2016-09-02 05:41,,0.0,0.0,Hope  now distance themselves from  now  has rebranded to   ,#londonisopen #strongerin #apolitical #brexit
283,20083727,771635854217392128,2016-09-02 05:08,"London, England",0.0,0.06666666666666668,News & public statements 2track impact of   bloomberg. brexit-companies-tracker…      ,#Brexit #TheresaMay #EUref #brexitbritain #bremain #bbcnews #BreakingNews
284,200500118,771626554250006528,2016-09-02 04:31,European Union,0.0,0.125,"We're all told ""  means Brexit"": I'm worried about my future access to      parikiaki. -the-biggest-consumer-of-halloumi-cheese-outside-cyprus-says-waitrose…",#Brexit #Halloumi #Bremain
285,90399509,771625290787278848,2016-09-02 04:26,,0.5,0.5,RT  :  may not happen  top  says       134874 …,#Brexit #EU #judge #UK #EU #Bremain #singlemarket #London
286,746985479992709120,771620951960072192,2016-09-02 04:09,Citizen of The World,-0.05714285714285716,0.6178571428571429,TM is confused Tory right is telling her to stick with them and forget about the rest of us.   pic.twitter.,#Voteremain #Brexit
287,716378272725078016,771573922869325824,2016-09-02 01:02,,0.0,0.0,UK cannot control who enters country because of EU law  dailysquib.co. te-leave-facts-yvette-cooper-caught-lying-on-the-eu-and-security.html …      ,#EUREF #EUREFERENDUM #VOTELEAVE #REMAIN #STRONGERIN #BREXIT
288,2984596167,771557023636869120,2016-09-01 23:55,,0.0,0.0,Cheated by EU  skankworks.  ,#brexit #bremain
289,1710743832,771520898146926593,2016-09-01 21:31,somewhere out of this world,0.0,0.0,    NEVER GIVE UP ON BRITAIN UNITED IN EUROPE  pic.twitter.,#ShareTheFact #Bremain #Brexit #WeAreThe48
290,21866939,771485242356011008,2016-09-01 19:09,United Kingdom,-0.1,0.4,  how wide? We ain't exited so so how can we tell?  ,#Brexit #bremain
291,716378272725078016,771483063880736768,2016-09-01 19:01,,0.0,0.0,Moody's Refutes CBI Scaremongering THE FACTS        ,#EUreferendum #LeaveEU #Remain #Brexit #EUref #strongerin #voteleave
292,716378272725078016,771468163829657602,2016-09-01 18:01,,0.3,0.8,Do not fucking apologise for wanting democracy.  dailysquib.co. itons-shouldnt-have-to-apologise-for-wanting-democracy.html …        ,#EUREF #REMAIN #STRONGERIN #VOTELEAVE #BREXIT #JUNE23 #GO #LEAVEEU
293,1710743832,771463539030712322,2016-09-01 17:43,somewhere out of this world,0.0,0.0,    STAY AND FIGHT FOR BRITAIN IN THE EUROPEAN UNION XXXXXXXXXXXXXXXXXXXXXXXXX pic.twitter.,#Brexit #Bremain #NotMyVote #WeAreThe48
294,1253618394,771448151790280704,2016-09-01 16:42,,0.1,0.1, you really should have given us a second vote for    ,#Brexit #BrexitBritain #VoteLeave #VoteRemain
295,1201792831,771427989120815104,2016-09-01 15:22,London - England,0.35,0.65, if this was a true democracy we should have a parliamentary debate about this     …,#brexit #strongerIN
296,346703493,771420110720475136,2016-09-01 14:51,U.K.,0.0,0.0,'Oh no! What can we complain about now?' £ jumps as UK manufacturing activity rebounds -  bbc.co. 37242804 …   ,#Brexit #Remain #Bremain
297,769142984424189952,771411083986886657,2016-09-01 14:15,,-0.4,0.7,Lower earners with fewer skills living in low-skilled areas were driving force behind  :   ,#Brexit #Remain #StrongerIN
298,3416046545,771402380424441856,2016-09-01 13:40,"South East, England",0.0,0.0, camp silenced by  resilience after  decision. No apocalypse !,#VoteRemain #GB #Brexit
299,713128386651168768,771399773517643776,2016-09-01 13:30,"London, England",0.2,0.2,Never thought I'd read so much in trade.   much    …,#brexit #StrongerIN #StrongerIN
300,716378272725078016,771392463219068928,2016-09-01 13:01,,-0.25,0.8,  the Shit!  dailysquib.co. -referendum-im-in-the.html …        pic.twitter.,#Remain #IN #Brexit #VoteLeave #Remain #StrongerIN #GO #LeaveEU #EUref
301,566054281,771384025466437633,2016-09-01 12:27,United Kingdom (Still!),0.0,0.0,"""In Mr Bongo's home province turnout was 99.93% and 95% of votes were for him."" Why wasn't Gabon's Ali Bongo leading  ? ",#StrongerIn #Brexit
302,2180605010,771383378293784576,2016-09-01 12:25,"Arklow, Co. Wicklow, Ireland",-0.20000000000000004,0.3666666666666667,Low earners with few skills living in low-skilled areas were the driving force behind  .   ,#Brexit #Remain #Strongerin
303,746710115613540352,771355494166491137,2016-09-01 10:34,"Henley-on-Thames, England",0.0,0.0,We were paying for all this out of our taxes!!!!    pic.twitter.,#brexit #voteremain #voteleave
304,2429410620,771342409821097984,2016-09-01 09:42,London/Moscow,0.0,0.0,WATCH video of  lies and  campaign shame        ,#Brexit #Leave #brexitlies #Remain #EUref #VoteIn #Bremain #EU #StrongerIn
305,746985479992709120,771341275148746753,2016-09-01 09:37,Citizen of The World,0.25,0.375,UK influence in Eu was central in most of the negotiation.       … via ,#Brexit #Voteremain #Brexitlies #EUIN
306,2281361466,771334967108526080,2016-09-01 09:12,Sheffield,0.25,1.0,Just so funny and so spot on      …,#Brexit #LeadNotLeave #Remain
307,252062789,771325853741481984,2016-09-01 08:36,Havant Constituency,0.2857142857142857,0.5357142857142857, bonus continues right for   & people despite continued support for  from  pic.twitter.,#Brexit #UK #Havant #strongerin
308,346703493,771308517357608961,2016-09-01 07:27,U.K.,0.0,0.0,Manufacturing Bounces Back After  Shock -  uring-bounces-back-after-brexit-shock-10561153 …     ,#Brexit #Remain #Bremain #Remainiacs #racism #democracy
309,20083727,771276223637024768,2016-09-01 05:19,"London, England",0.0,0.0,Could we already control EU immigration? ..          …,#BRexit #TheresaMay #EUref #brexitbritain #bremain #bbcnews #BreakingNews
310,746985479992709120,771269878275727360,2016-09-01 04:54,Citizen of The World,0.0,0.0,Has Jeremy Corbyn changed his mind on Article 50?  via   ,#Brexit #Voteremain
311,746985479992709120,771266858359984128,2016-09-01 04:42,Citizen of The World,0.0,0.0,Theresa May warned Brexit could kill Britain's economy  independent.co.  …  ,#Brexit #voteremain
312,244179636,771262274765934592,2016-09-01 04:23,Caerdydd,0.0,0.0,Sensible suggestions on referendum rules from  on  blog   pic.twitter.,#Brexit #Bremain
313,90399509,771261717435166720,2016-09-01 04:21,,0.375,1.0,RT  :  seeks 'unique'  relations         134853 …,#UK #EU #migrant #controls #migration #Brexit #Bremain #freetrade #singlemarket
314,20083727,771249934741798916,2016-09-01 03:34,"London, England",0.0,0.0,March against  .         …,#BRexit #TheresaMay #EUref #brexitbritain #bremain #bbcnews #BreakingNews
315,210883893,771224507545559041,2016-09-01 01:53,S London,0.0,0.125, 'ers knew what they were voting for...the same can't be said of  'rs otherwise we'd know what  means ,#voteremain #VoteLeave #Brexit #r4today
316,716378272725078016,771211685164032000,2016-09-01 01:02,,0.0,0.0,Moody's Refutes CBI Scaremongering THE FACTS       ,#EUreferendum #LeaveEU #Remain #Brexit #EUref #strongerIN
